{
  "version": 1,
  "source": "public/og-ocr-arcade.png",
  "roi": {
    "x0": 430,
    "y0": 70,
    "x1": 1190,
    "y1": 620
  },
  "source_rect": {
    "width": 640,
    "height": 440
  },
  "panel_bbox": {
    "x0": 483.125,
    "y0": 110.496,
    "x1": 1115.456,
    "y1": 513.053
  },
  "outer_corners": {
    "tl": {
      "x": 496.245,
      "y": 123.401
    },
    "tr": {
      "x": 1115.456,
      "y": 110.496
    },
    "br": {
      "x": 1113.394,
      "y": 513.053
    },
    "bl": {
      "x": 483.125,
      "y": 505
    }
  },
  "affine_target_corners": {
    "tl": {
      "x": 496.245,
      "y": 123.401
    },
    "tr": {
      "x": 1115.456,
      "y": 110.496
    },
    "br": {
      "x": 1102.3359999999998,
      "y": 492.09499999999997
    },
    "bl": {
      "x": 483.125,
      "y": 505
    }
  },
  "inner_corners": {
    "tl": {
      "x": 500.107,
      "y": 127.315
    },
    "tr": {
      "x": 1111.319,
      "y": 114.577
    },
    "br": {
      "x": 1109.532,
      "y": 509.139
    },
    "bl": {
      "x": 487.262,
      "y": 500.919
    }
  },
  "shadow_offset": {
    "dx": 8,
    "dy": 6
  },
  "affine_residual_br_px": 23.696,
  "fit": {
    "top_points": 620,
    "bottom_points": 541,
    "left_points": 360,
    "right_points": 351,
    "lines": {
      "top": {
        "y_equals": "m*x+b",
        "m": -0.0208404,
        "b": 133.743
      },
      "bottom": {
        "y_equals": "m*x+b",
        "m": 0.012777,
        "b": 498.827
      },
      "left": {
        "x_equals": "m*y+b",
        "m": -0.0343819,
        "b": 500.488
      },
      "right": {
        "x_equals": "m*y+b",
        "m": -0.0051216,
        "b": 1116.022
      }
    }
  }
}
